{
    "data": {
      "trips": [
        {
          "groupcreatedAt": "2023-08-16",
          "date": "8-16-2023",
          "tripsByDate": [
            {
              "_id": "64dc7285c486eea7c0473f07",
              "load": "Full",
              "startPosition": [
                "null",
                "null"
              ],
              "endPosition": [
                "null",
                "null"
              ],
              "sensorInfo": [
                {
                  "make": "qualicom",
                  "name": "gps"
                }
              ],
              "deviceInfo": {
                "deviceId": "TP1A.220624.014",
                "model": "SM-M326B",
                "version": "13",
                "make": "samsung",
                "board": "a32x",
                "deviceType": "Android"
              },
              "vesselId": "64dc6caac486eea7c0473f06",
              "tripStatus": 1,
              "dataExtStatus": 3,
              "createdBy": "64dc6c2eb4d2e81e31f94dc7",
              "createdAt": "2023-08-16T06:53:57.821000",
              "updatedBy": "64dc6c2eb4d2e81e31f94dc7",
              "updatedAt": "2023-08-16T06:54:39.521000",
              "filePath": "/data/user/0/com.performarine.app/app_flutter/64dc7285c486eea7c0473f07.zip",
              "syncCreatedAt": "2023-08-16T06:54:39.522000",
              "syncUpdatedAt": "2023-08-16T06:54:41.557000",
              "duration": "00:00:35",
              "distance": 0.01,
              "speed": 0.3,
              "avgSpeed": 0.6,
              "missingLineNumbers": {
                "mobile_0.csv": []
              },
              "sensorType": [
                "mobile"
              ],
              "vesselAnalyticsCalc": false,
              "cloudFilePath": "https://goeblobstorage.blob.core.windows.net/trip/16_08_2023_06_54_39_727537_64dc7285c486eea7c0473f07.zip",
              "number_of_passengers": 0
            },
            {
              "_id": "64dc7305c486eea7c0473f08",
              "load": "Half",
              "startPosition": [
                "null",
                "null"
              ],
              "endPosition": [
                "null",
                "null"
              ],
              "sensorInfo": [
                {
                  "make": "qualicom",
                  "name": "gps"
                }
              ],
              "deviceInfo": {
                "deviceId": "TP1A.220624.014",
                "model": "SM-M326B",
                "version": "13",
                "make": "samsung",
                "board": "a32x",
                "deviceType": "Android"
              },
              "vesselId": "64dc6caac486eea7c0473f06",
              "tripStatus": 1,
              "dataExtStatus": 3,
              "createdBy": "64dc6c2eb4d2e81e31f94dc7",
              "createdAt": "2023-08-16T06:56:05.839000",
              "updatedBy": "64dc6c2eb4d2e81e31f94dc7",
              "updatedAt": "2023-08-16T06:57:12.278000",
              "filePath": "/data/user/0/com.performarine.app/app_flutter/64dc7305c486eea7c0473f08.zip",
              "syncCreatedAt": "2023-08-16T06:58:11.237000",
              "syncUpdatedAt": "2023-08-16T06:58:11.370000",
              "duration": "00:01:05",
              "distance": 0,
              "speed": 0.2,
              "avgSpeed": 0.2,
              "missingLineNumbers": {
                "mobile_0.csv": []
              },
              "sensorType": [
                "mobile"
              ],
              "vesselAnalyticsCalc": false,
              "cloudFilePath": "https://goeblobstorage.blob.core.windows.net/trip/16_08_2023_06_58_11_285051_64dc7305c486eea7c0473f08.zip",
              "number_of_passengers": 0
            },
            {
              "_id": "64dc7443f103738cd613f7ed",
              "load": "Full",
              "startPosition": [
                "null",
                "null"
              ],
              "endPosition": [
                "null",
                "null"
              ],
              "sensorInfo": [
                {
                  "make": "qualicom",
                  "name": "gps"
                }
              ],
              "deviceInfo": {
                "deviceId": "TP1A.220624.014",
                "model": "SM-M326B",
                "version": "13",
                "make": "samsung",
                "board": "a32x",
                "deviceType": "Android"
              },
              "vesselId": "64dc6caac486eea7c0473f06",
              "tripStatus": 1,
              "dataExtStatus": 3,
              "createdBy": "64dc6c2eb4d2e81e31f94dc7",
              "createdAt": "2023-08-16T07:01:23.240000",
              "updatedBy": "64dc6c2eb4d2e81e31f94dc7",
              "updatedAt": "2023-08-16T07:01:49.704000",
              "filePath": "/data/user/0/com.performarine.app/app_flutter/64dc7443f103738cd613f7ed.zip",
              "syncCreatedAt": "2023-08-16T07:51:33.695000",
              "syncUpdatedAt": "2023-08-16T07:51:33.934000",
              "duration": "00:00:25",
              "distance": 0,
              "speed": 0.3,
              "avgSpeed": 0.3,
              "missingLineNumbers": {
                "mobile_0.csv": []
              },
              "sensorType": [
                "mobile"
              ],
              "vesselAnalyticsCalc": false,
              "cloudFilePath": "https://goeblobstorage.blob.core.windows.net/trip/16_08_2023_07_51_33_740922_64dc7443f103738cd613f7ed.zip",
              "number_of_passengers": 0
            }
          ]
        },
        {
          "groupcreatedAt": "2023-08-19",
          "date": "8-19-2023",
          "tripsByDate": [
            {
              "_id": "64e0314716ed6293bac4e5a2",
              "load": "Full",
              "startPosition": [
                "null",
                "null"
              ],
              "endPosition": [
                "null",
                "null"
              ],
              "sensorInfo": [
                {
                  "make": "qualicom",
                  "name": "gps"
                }
              ],
              "deviceInfo": {
                "deviceId": "TP1A.220624.014",
                "model": "SM-M326B",
                "version": "13",
                "make": "samsung",
                "board": "a32x",
                "deviceType": "Android"
              },
              "vesselId": "64dc6caac486eea7c0473f06",
              "tripStatus": 1,
              "dataExtStatus": 3,
              "createdBy": "64dc6c2eb4d2e81e31f94dc7",
              "createdAt": "2023-08-19T03:04:39.913000",
              "updatedBy": "64dc6c2eb4d2e81e31f94dc7",
              "updatedAt": "2023-08-19T03:05:21.245000",
              "filePath": "/data/user/0/com.performarine.app/app_flutter/64e0314716ed6293bac4e5a2.zip",
              "syncCreatedAt": "2023-08-19T03:05:21.245000",
              "syncUpdatedAt": "2023-08-19T03:05:23.163000",
              "duration": "00:00:32",
              "distance": 0,
              "speed": 0,
              "avgSpeed": 0,
              "missingLineNumbers": {
                "mobile_0.csv": []
              },
              "sensorType": [
                "mobile"
              ],
              "vesselAnalyticsCalc": false,
              "cloudFilePath": "https://goeblobstorage.blob.core.windows.net/trip/19_08_2023_03_05_21_454072_64e0314716ed6293bac4e5a2.zip",
              "number_of_passengers": 0
            },
            {
              "_id": "64e0317f16ed6293bac4e5a3",
              "load": "Full",
              "startPosition": [
                "null",
                "null"
              ],
              "endPosition": [
                "null",
                "null"
              ],
              "sensorInfo": [
                {
                  "make": "qualicom",
                  "name": "gps"
                }
              ],
              "deviceInfo": {
                "deviceId": "TP1A.220624.014",
                "model": "SM-M326B",
                "version": "13",
                "make": "samsung",
                "board": "a32x",
                "deviceType": "Android"
              },
              "vesselId": "64dc6caac486eea7c0473f06",
              "tripStatus": 1,
              "dataExtStatus": 3,
              "createdBy": "64dc6c2eb4d2e81e31f94dc7",
              "createdAt": "2023-08-19T03:05:35.727000",
              "updatedBy": "64dc6c2eb4d2e81e31f94dc7",
              "updatedAt": "2023-08-19T03:09:26.117000",
              "filePath": "/data/user/0/com.performarine.app/app_flutter/64e0317f16ed6293bac4e5a3.zip",
              "syncCreatedAt": "2023-08-19T03:10:01.104000",
              "syncUpdatedAt": "2023-08-19T03:10:01.318000",
              "duration": "00:03:49",
              "distance": 4.44,
              "speed": 0,
              "avgSpeed": 71.8,
              "missingLineNumbers": {
                "mobile_0.csv": []
              },
              "sensorType": [
                "mobile"
              ],
              "vesselAnalyticsCalc": false,
              "cloudFilePath": "https://goeblobstorage.blob.core.windows.net/trip/19_08_2023_03_10_01_140188_64e0317f16ed6293bac4e5a3.zip",
              "number_of_passengers": 0
            }
          ]
        },
        {
          "groupcreatedAt": "2023-08-21",
          "date": "8-21-2023",
          "tripsByDate": [
            {
              "_id": "64e2ede4cc5ccaa5a1cc96e4",
              "load": "Half",
              "startPosition": [
                "null",
                "null"
              ],
              "endPosition": [
                "null",
                "null"
              ],
              "sensorInfo": [
                {
                  "make": "qualicom",
                  "name": "gps"
                }
              ],
              "deviceInfo": {
                "deviceId": "TP1A.220624.014",
                "model": "SM-M326B",
                "version": "13",
                "make": "samsung",
                "board": "a32x",
                "deviceType": "Android"
              },
              "vesselId": "64dc6caac486eea7c0473f06",
              "tripStatus": 1,
              "dataExtStatus": 3,
              "createdBy": "64dc6c2eb4d2e81e31f94dc7",
              "createdAt": "2023-08-21T04:53:56.654000",
              "updatedBy": "64dc6c2eb4d2e81e31f94dc7",
              "updatedAt": "2023-08-21T04:54:29.637000",
              "filePath": "/data/user/0/com.performarine.app/app_flutter/64e2ede4cc5ccaa5a1cc96e4.zip",
              "syncCreatedAt": "2023-08-21T07:36:06.789000",
              "syncUpdatedAt": "2023-08-21T07:36:07.060000",
              "duration": "00:00:31",
              "distance": 0,
              "speed": 0,
              "avgSpeed": 0.1,
              "missingLineNumbers": {
                "mobile_0.csv": []
              },
              "sensorType": [
                "mobile"
              ],
              "vesselAnalyticsCalc": false,
              "cloudFilePath": "https://goeblobstorage.blob.core.windows.net/trip/21_08_2023_07_36_06_827918_64e2ede4cc5ccaa5a1cc96e4.zip",
              "number_of_passengers": 0
            },
            {
              "_id": "64e3084cdb42e102c4e84fe5",
              "load": "Full",
              "startPosition": [
                "null",
                "null"
              ],
              "endPosition": [
                "null",
                "null"
              ],
              "sensorInfo": [
                {
                  "make": "qualicom",
                  "name": "gps"
                }
              ],
              "deviceInfo": {
                "deviceId": "TP1A.220624.014",
                "model": "SM-M326B",
                "version": "13",
                "make": "samsung",
                "board": "a32x",
                "deviceType": "Android"
              },
              "vesselId": "64dc6caac486eea7c0473f06",
              "tripStatus": 1,
              "dataExtStatus": 3,
              "createdBy": "64dc6c2eb4d2e81e31f94dc7",
              "createdAt": "2023-08-21T06:46:36.672000",
              "updatedBy": "64dc6c2eb4d2e81e31f94dc7",
              "updatedAt": "2023-08-21T06:57:18.977000",
              "filePath": "/data/user/0/com.performarine.app/app_flutter/64e3084cdb42e102c4e84fe5.zip",
              "syncCreatedAt": "2023-08-21T07:36:08.103000",
              "syncUpdatedAt": "2023-08-21T07:36:08.359000",
              "duration": "00:10:40",
              "distance": 1,
              "speed": 0.1,
              "avgSpeed": 0.1,
              "missingLineNumbers": {},
              "sensorType": [],
              "vesselAnalyticsCalc": false,
              "cloudFilePath": "https://goeblobstorage.blob.core.windows.net/trip/21_08_2023_07_36_08_305552_64e3084cdb42e102c4e84fe5.zip",
              "number_of_passengers": 0
            },
            {
              "_id": "64e30af66096bef4bb8f64e8",
              "load": "Full",
              "startPosition": [
                "null",
                "null"
              ],
              "endPosition": [
                "null",
                "null"
              ],
              "sensorInfo": [
                {
                  "make": "qualicom",
                  "name": "gps"
                }
              ],
              "deviceInfo": {
                "deviceId": "TP1A.220624.014",
                "model": "SM-M326B",
                "version": "13",
                "make": "samsung",
                "board": "a32x",
                "deviceType": "Android"
              },
              "vesselId": "64dc6caac486eea7c0473f06",
              "tripStatus": 1,
              "dataExtStatus": 3,
              "createdBy": "64dc6c2eb4d2e81e31f94dc7",
              "createdAt": "2023-08-21T06:57:58.934000",
              "updatedBy": "64dc6c2eb4d2e81e31f94dc7",
              "updatedAt": "2023-08-21T07:04:56.879000",
              "filePath": "/data/user/0/com.performarine.app/app_flutter/64e30af66096bef4bb8f64e8.zip",
              "syncCreatedAt": "2023-08-21T07:36:09.653000",
              "syncUpdatedAt": "2023-08-21T07:36:09.728000",
              "duration": "00:06:57",
              "distance": 1,
              "speed": 0.1,
              "avgSpeed": 0.1,
              "missingLineNumbers": {},
              "sensorType": [],
              "vesselAnalyticsCalc": false,
              "cloudFilePath": "https://goeblobstorage.blob.core.windows.net/trip/21_08_2023_07_36_09_677970_64e30af66096bef4bb8f64e8.zip",
              "number_of_passengers": 0
            },
            {
              "_id": "64e30e016e1c2d4910a57f0c",
              "load": "Full",
              "startPosition": [
                "null",
                "null"
              ],
              "endPosition": [
                "null",
                "null"
              ],
              "sensorInfo": [
                {
                  "make": "qualicom",
                  "name": "gps"
                }
              ],
              "deviceInfo": {
                "deviceId": "TP1A.220624.014",
                "model": "SM-M326B",
                "version": "13",
                "make": "samsung",
                "board": "a32x",
                "deviceType": "Android"
              },
              "vesselId": "64dc6caac486eea7c0473f06",
              "tripStatus": 1,
              "dataExtStatus": 3,
              "createdBy": "64dc6c2eb4d2e81e31f94dc7",
              "createdAt": "2023-08-21T07:10:57.999000",
              "updatedBy": "64dc6c2eb4d2e81e31f94dc7",
              "updatedAt": "2023-08-21T07:12:06.024000",
              "filePath": "/data/user/0/com.performarine.app/app_flutter/64e30e016e1c2d4910a57f0c.zip",
              "syncCreatedAt": "2023-08-21T07:36:10.940000",
              "syncUpdatedAt": "2023-08-21T07:36:11.024000",
              "duration": "00:01:06",
              "distance": 1,
              "speed": 0.1,
              "avgSpeed": 0.1,
              "missingLineNumbers": {},
              "sensorType": [],
              "vesselAnalyticsCalc": false,
              "cloudFilePath": "https://goeblobstorage.blob.core.windows.net/trip/21_08_2023_07_36_10_968655_64e30e016e1c2d4910a57f0c.zip",
              "number_of_passengers": 0
            },
            {
              "_id": "64e35e49deeeb689e80e5108",
              "load": "Half",
              "startPosition": [
                "null",
                "null"
              ],
              "endPosition": [
                "null",
                "null"
              ],
              "sensorInfo": [
                {
                  "make": "qualicom",
                  "name": "gps"
                }
              ],
              "deviceInfo": {
                "deviceId": "TP1A.220624.014",
                "model": "SM-M326B",
                "version": "13",
                "make": "samsung",
                "board": "a32x",
                "deviceType": "Android"
              },
              "vesselId": "64dc6caac486eea7c0473f06",
              "tripStatus": 1,
              "dataExtStatus": 3,
              "createdBy": "64dc6c2eb4d2e81e31f94dc7",
              "createdAt": "2023-08-21T12:53:29.603000",
              "updatedBy": "64dc6c2eb4d2e81e31f94dc7",
              "updatedAt": "2023-08-21T13:44:18.801000",
              "filePath": "/data/user/0/com.performarine.app/app_flutter/64e35e49deeeb689e80e5108.zip",
              "syncCreatedAt": "2023-08-21T13:44:18.801000",
              "syncUpdatedAt": "2023-08-21T13:44:19.075000",
              "duration": "00:00:13",
              "distance": 0,
              "speed": 0,
              "avgSpeed": 0,
              "missingLineNumbers": {
                "mobile_0.csv": []
              },
              "sensorType": [
                "mobile"
              ],
              "vesselAnalyticsCalc": false,
              "cloudFilePath": "https://goeblobstorage.blob.core.windows.net/trip/21_08_2023_13_44_18_843534_64e35e49deeeb689e80e5108.zip",
              "number_of_passengers": 0
            }
          ]
        },
        {
          "groupcreatedAt": "2023-08-24",
          "date": "8-24-2023",
          "tripsByDate": [
            {
              "_id": "64e6e67d906277864f9663b0",
              "load": "Empty",
              "startPosition": [
                "null",
                "null"
              ],
              "endPosition": [
                "null",
                "null"
              ],
              "sensorInfo": [
                {
                  "make": "qualicom",
                  "name": "gps"
                }
              ],
              "deviceInfo": {
                "deviceId": "TP1A.220624.014",
                "model": "SM-M326B",
                "version": "13",
                "make": "samsung",
                "board": "a32x",
                "deviceType": "Android"
              },
              "vesselId": "64dc6caac486eea7c0473f06",
              "tripStatus": 1,
              "dataExtStatus": 3,
              "createdBy": "64dc6c2eb4d2e81e31f94dc7",
              "createdAt": "2023-08-24T05:11:25.705000",
              "updatedBy": "64dc6c2eb4d2e81e31f94dc7",
              "updatedAt": "2023-08-24T05:20:27.589000",
              "filePath": "/data/user/0/com.performarine.app/app_flutter/64e6e67d906277864f9663b0.zip",
              "syncCreatedAt": "2023-08-24T05:20:27.589000",
              "syncUpdatedAt": "2023-08-24T05:20:28.590000",
              "duration": "00:00:12",
              "distance": 1,
              "speed": 0.1,
              "avgSpeed": 0.1,
              "missingLineNumbers": {},
              "sensorType": [],
              "vesselAnalyticsCalc": false,
              "number_of_passengers": 0,
              "cloudFilePath": "https://goeblobstorage.blob.core.windows.net/trip/24_08_2023_05_20_27_808827_64e6e67d906277864f9663b0.zip"
            },
            {
              "_id": "64e6fb42f9c4ee9c7d4d2063",
              "load": "Empty",
              "startPosition": [
                "null",
                "null"
              ],
              "endPosition": [
                "null",
                "null"
              ],
              "sensorInfo": [
                {
                  "make": "qualicom",
                  "name": "gps"
                }
              ],
              "deviceInfo": {
                "deviceId": "TP1A.220624.014",
                "model": "SM-M326B",
                "version": "13",
                "make": "samsung",
                "board": "a32x",
                "deviceType": "Android"
              },
              "vesselId": "64dc6caac486eea7c0473f06",
              "tripStatus": 1,
              "dataExtStatus": 3,
              "createdBy": "64dc6c2eb4d2e81e31f94dc7",
              "createdAt": "2023-08-24T06:40:02.850000",
              "updatedBy": "64dc6c2eb4d2e81e31f94dc7",
              "updatedAt": "2023-08-24T06:40:37.956000",
              "filePath": "/data/user/0/com.performarine.app/app_flutter/64e6fb42f9c4ee9c7d4d2063.zip",
              "syncCreatedAt": "2023-08-24T06:53:36.896000",
              "syncUpdatedAt": "2023-08-24T06:53:37.449000",
              "duration": "00:00:33",
              "distance": 0,
              "speed": 0.1,
              "avgSpeed": 0.1,
              "missingLineNumbers": {
                "mobile_0.csv": []
              },
              "sensorType": [
                "mobile"
              ],
              "vesselAnalyticsCalc": false,
              "number_of_passengers": 0,
              "cloudFilePath": "https://goeblobstorage.blob.core.windows.net/trip/24_08_2023_06_53_36_958438_64e6fb42f9c4ee9c7d4d2063.zip"
            },
            {
              "_id": "64e6fbcbf9c4ee9c7d4d2064",
              "load": "Empty",
              "startPosition": [
                "null",
                "null"
              ],
              "endPosition": [
                "null",
                "null"
              ],
              "sensorInfo": [
                {
                  "make": "qualicom",
                  "name": "gps"
                }
              ],
              "deviceInfo": {
                "deviceId": "TP1A.220624.014",
                "model": "SM-M326B",
                "version": "13",
                "make": "samsung",
                "board": "a32x",
                "deviceType": "Android"
              },
              "vesselId": "64dc6caac486eea7c0473f06",
              "tripStatus": 1,
              "dataExtStatus": 3,
              "createdBy": "64dc6c2eb4d2e81e31f94dc7",
              "createdAt": "2023-08-24T06:42:19.533000",
              "updatedBy": "64dc6c2eb4d2e81e31f94dc7",
              "updatedAt": "2023-08-24T06:42:36.014000",
              "filePath": "/data/user/0/com.performarine.app/app_flutter/64e6fbcbf9c4ee9c7d4d2064.zip",
              "syncCreatedAt": "2023-08-24T06:53:38.523000",
              "syncUpdatedAt": "2023-08-24T06:53:38.653000",
              "duration": "00:00:15",
              "distance": 0,
              "speed": 0.9,
              "avgSpeed": 0.6,
              "missingLineNumbers": {
                "mobile_0.csv": []
              },
              "sensorType": [
                "mobile"
              ],
              "vesselAnalyticsCalc": false,
              "number_of_passengers": 0,
              "cloudFilePath": "https://goeblobstorage.blob.core.windows.net/trip/24_08_2023_06_53_38_567135_64e6fbcbf9c4ee9c7d4d2064.zip"
            }
          ]
        },
        {
          "groupcreatedAt": "2023-08-25",
          "date": "8-25-2023",
          "tripsByDate": [
            {
              "_id": "64e87ecb15fc5843ff313c39",
              "load": "Empty",
              "startPosition": [
                "null",
                "null"
              ],
              "endPosition": [
                "null",
                "null"
              ],
              "sensorInfo": [
                {
                  "make": "qualicom",
                  "name": "gps"
                }
              ],
              "deviceInfo": {
                "deviceId": "TP1A.220624.014",
                "model": "SM-M326B",
                "version": "13",
                "make": "samsung",
                "board": "a32x",
                "deviceType": "Android"
              },
              "vesselId": "64dc6caac486eea7c0473f06",
              "tripStatus": 1,
              "dataExtStatus": 3,
              "createdBy": "64dc6c2eb4d2e81e31f94dc7",
              "createdAt": "2023-08-25T10:13:31.811000",
              "updatedBy": "64dc6c2eb4d2e81e31f94dc7",
              "updatedAt": "2023-08-25T10:14:09.055000",
              "filePath": "/data/user/0/com.performarine.app/app_flutter/64e87ecb15fc5843ff313c39.zip",
              "syncCreatedAt": "2023-08-25T10:15:00.092000",
              "syncUpdatedAt": "2023-08-25T10:15:00.334000",
              "duration": "00:00:36",
              "distance": 0,
              "speed": 0,
              "avgSpeed": 0.3,
              "missingLineNumbers": {
                "mobile_0.csv": []
              },
              "sensorType": [
                "mobile"
              ],
              "vesselAnalyticsCalc": false,
              "number_of_passengers": 0,
              "cloudFilePath": "https://goeblobstorage.blob.core.windows.net/trip/25_08_2023_10_15_00_139236_64e87ecb15fc5843ff313c39.zip"
            },
            {
              "_id": "64e8804b16aaf2d3e15b175d",
              "load": "Empty",
              "startPosition": [
                "null",
                "null"
              ],
              "endPosition": [
                "null",
                "null"
              ],
              "sensorInfo": [
                {
                  "make": "qualicom",
                  "name": "gps"
                }
              ],
              "deviceInfo": {
                "deviceId": "TP1A.220624.014",
                "model": "SM-M326B",
                "version": "13",
                "make": "samsung",
                "board": "a32x",
                "deviceType": "Android"
              },
              "vesselId": "64dc6caac486eea7c0473f06",
              "tripStatus": 1,
              "dataExtStatus": 3,
              "createdBy": "64dc6c2eb4d2e81e31f94dc7",
              "createdAt": "2023-08-25T10:19:55.285000",
              "updatedBy": "64dc6c2eb4d2e81e31f94dc7",
              "updatedAt": "2023-08-25T10:20:58.632000",
              "filePath": "/data/user/0/com.performarine.app/app_flutter/64e8804b16aaf2d3e15b175d.zip",
              "syncCreatedAt": "2023-08-25T12:14:37.416000",
              "syncUpdatedAt": "2023-08-25T12:14:37.531000",
              "duration": "00:01:02",
              "distance": 0,
              "speed": 0.1,
              "avgSpeed": 0.1,
              "missingLineNumbers": {
                "mobile_0.csv": []
              },
              "sensorType": [
                "mobile"
              ],
              "vesselAnalyticsCalc": false,
              "number_of_passengers": 0,
              "cloudFilePath": "https://goeblobstorage.blob.core.windows.net/trip/25_08_2023_12_14_37_441095_64e8804b16aaf2d3e15b175d.zip"
            },
            {
              "_id": "64e8882befa7d94f33ef2a83",
              "load": "Empty",
              "startPosition": [
                "null",
                "null"
              ],
              "endPosition": [
                "null",
                "null"
              ],
              "sensorInfo": [
                {
                  "make": "qualicom",
                  "name": "gps"
                }
              ],
              "deviceInfo": {
                "deviceId": "TP1A.220624.014",
                "model": "SM-M326B",
                "version": "13",
                "make": "samsung",
                "board": "a32x",
                "deviceType": "Android"
              },
              "vesselId": "64dc6caac486eea7c0473f06",
              "tripStatus": 1,
              "dataExtStatus": 3,
              "createdBy": "64dc6c2eb4d2e81e31f94dc7",
              "createdAt": "2023-08-25T10:53:31.286000",
              "updatedBy": "64dc6c2eb4d2e81e31f94dc7",
              "updatedAt": "2023-08-25T10:56:11.746000",
              "filePath": "/data/user/0/com.performarine.app/app_flutter/64e8882befa7d94f33ef2a83.zip",
              "syncCreatedAt": "2023-08-25T12:14:40.083000",
              "syncUpdatedAt": "2023-08-25T12:14:40.159000",
              "duration": "00:02:38",
              "distance": 1,
              "speed": 0.1,
              "avgSpeed": 0.1,
              "missingLineNumbers": {},
              "sensorType": [],
              "vesselAnalyticsCalc": false,
              "number_of_passengers": 0,
              "cloudFilePath": "https://goeblobstorage.blob.core.windows.net/trip/25_08_2023_12_14_40_112235_64e8882befa7d94f33ef2a83.zip"
            },
            {
              "_id": "64e88b89efa7d94f33ef2a84",
              "load": "Empty",
              "startPosition": [
                "null",
                "null"
              ],
              "endPosition": [
                "null",
                "null"
              ],
              "sensorInfo": [
                {
                  "make": "qualicom",
                  "name": "gps"
                }
              ],
              "deviceInfo": {
                "deviceId": "TP1A.220624.014",
                "model": "SM-M326B",
                "version": "13",
                "make": "samsung",
                "board": "a32x",
                "deviceType": "Android"
              },
              "vesselId": "64dc6caac486eea7c0473f06",
              "tripStatus": 1,
              "dataExtStatus": 3,
              "createdBy": "64dc6c2eb4d2e81e31f94dc7",
              "createdAt": "2023-08-25T11:07:53.368000",
              "updatedBy": "64dc6c2eb4d2e81e31f94dc7",
              "updatedAt": "2023-08-25T11:08:06.796000",
              "filePath": "/data/user/0/com.performarine.app/app_flutter/64e88b89efa7d94f33ef2a84.zip",
              "syncCreatedAt": "2023-08-25T12:14:41.536000",
              "syncUpdatedAt": "2023-08-25T12:14:41.616000",
              "duration": "00:00:12",
              "distance": 1,
              "speed": 0.1,
              "avgSpeed": 0.1,
              "missingLineNumbers": {},
              "sensorType": [],
              "vesselAnalyticsCalc": false,
              "number_of_passengers": 0,
              "cloudFilePath": "https://goeblobstorage.blob.core.windows.net/trip/25_08_2023_12_14_41_559894_64e88b89efa7d94f33ef2a84.zip"
            },
            {
              "_id": "64e88bb8efa7d94f33ef2a85",
              "load": "Empty",
              "startPosition": [
                "null",
                "null"
              ],
              "endPosition": [
                "null",
                "null"
              ],
              "sensorInfo": [
                {
                  "make": "qualicom",
                  "name": "gps"
                }
              ],
              "deviceInfo": {
                "deviceId": "TP1A.220624.014",
                "model": "SM-M326B",
                "version": "13",
                "make": "samsung",
                "board": "a32x",
                "deviceType": "Android"
              },
              "vesselId": "64dc6caac486eea7c0473f06",
              "tripStatus": 1,
              "dataExtStatus": 3,
              "createdBy": "64dc6c2eb4d2e81e31f94dc7",
              "createdAt": "2023-08-25T11:08:40.752000",
              "updatedBy": "64dc6c2eb4d2e81e31f94dc7",
              "updatedAt": "2023-08-25T11:08:56.340000",
              "filePath": "/data/user/0/com.performarine.app/app_flutter/64e88bb8efa7d94f33ef2a85.zip",
              "syncCreatedAt": "2023-08-25T12:14:43.085000",
              "syncUpdatedAt": "2023-08-25T12:14:43.157000",
              "duration": "00:00:14",
              "distance": 1,
              "speed": 0.1,
              "avgSpeed": 0.1,
              "missingLineNumbers": {},
              "sensorType": [],
              "vesselAnalyticsCalc": false,
              "number_of_passengers": 0,
              "cloudFilePath": "https://goeblobstorage.blob.core.windows.net/trip/25_08_2023_12_14_43_110951_64e88bb8efa7d94f33ef2a85.zip"
            },
            {
              "_id": "64e88e5b7d87c06506c25147",
              "load": "Empty",
              "startPosition": [
                "null",
                "null"
              ],
              "endPosition": [
                "null",
                "null"
              ],
              "sensorInfo": [
                {
                  "make": "qualicom",
                  "name": "gps"
                }
              ],
              "deviceInfo": {
                "deviceId": "TP1A.220624.014",
                "model": "SM-M326B",
                "version": "13",
                "make": "samsung",
                "board": "a32x",
                "deviceType": "Android"
              },
              "vesselId": "64dc6caac486eea7c0473f06",
              "tripStatus": 1,
              "dataExtStatus": 3,
              "createdBy": "64dc6c2eb4d2e81e31f94dc7",
              "createdAt": "2023-08-25T11:19:55.406000",
              "updatedBy": "64dc6c2eb4d2e81e31f94dc7",
              "updatedAt": "2023-08-25T11:22:19.858000",
              "filePath": "/data/user/0/com.performarine.app/app_flutter/64e88e5b7d87c06506c25147.zip",
              "syncCreatedAt": "2023-08-25T12:14:44.368000",
              "syncUpdatedAt": "2023-08-25T12:14:44.456000",
              "duration": "00:02:23",
              "distance": 1,
              "speed": 0.1,
              "avgSpeed": 0.1,
              "missingLineNumbers": {},
              "sensorType": [],
              "vesselAnalyticsCalc": false,
              "number_of_passengers": 0,
              "cloudFilePath": "https://goeblobstorage.blob.core.windows.net/trip/25_08_2023_12_14_44_391021_64e88e5b7d87c06506c25147.zip"
            },
            {
              "_id": "64e88eff7d87c06506c25148",
              "load": "Empty",
              "startPosition": [
                "null",
                "null"
              ],
              "endPosition": [
                "null",
                "null"
              ],
              "sensorInfo": [
                {
                  "make": "qualicom",
                  "name": "gps"
                }
              ],
              "deviceInfo": {
                "deviceId": "TP1A.220624.014",
                "model": "SM-M326B",
                "version": "13",
                "make": "samsung",
                "board": "a32x",
                "deviceType": "Android"
              },
              "vesselId": "64dc6caac486eea7c0473f06",
              "tripStatus": 1,
              "dataExtStatus": 3,
              "createdBy": "64dc6c2eb4d2e81e31f94dc7",
              "createdAt": "2023-08-25T11:22:39.074000",
              "updatedBy": "64dc6c2eb4d2e81e31f94dc7",
              "updatedAt": "2023-08-25T11:25:54.716000",
              "filePath": "/data/user/0/com.performarine.app/app_flutter/64e88eff7d87c06506c25148.zip",
              "syncCreatedAt": "2023-08-25T12:14:45.702000",
              "syncUpdatedAt": "2023-08-25T12:14:45.779000",
              "duration": "00:03:14",
              "distance": 1,
              "speed": 0.1,
              "avgSpeed": 0.1,
              "missingLineNumbers": {},
              "sensorType": [],
              "vesselAnalyticsCalc": false,
              "number_of_passengers": 0,
              "cloudFilePath": "https://goeblobstorage.blob.core.windows.net/trip/25_08_2023_12_14_45_725703_64e88eff7d87c06506c25148.zip"
            }
          ]
        },
        {
          "groupcreatedAt": "2023-08-30",
          "date": "8-30-2023",
          "tripsByDate": [
            {
              "_id": "64eef91bf1428f0106171f67",
              "load": "Empty",
              "startPosition": [
                "null",
                "null"
              ],
              "endPosition": [
                "null",
                "null"
              ],
              "sensorInfo": [
                {
                  "make": "qualicom",
                  "name": "gps"
                }
              ],
              "deviceInfo": {
                "deviceId": "TP1A.220624.014",
                "model": "SM-M326B",
                "version": "13",
                "make": "samsung",
                "board": "a32x",
                "deviceType": "Android"
              },
              "vesselId": "64dc6caac486eea7c0473f06",
              "tripStatus": 1,
              "dataExtStatus": 3,
              "createdBy": "64dc6c2eb4d2e81e31f94dc7",
              "createdAt": "2023-08-30T08:08:59.140000",
              "updatedBy": "64dc6c2eb4d2e81e31f94dc7",
              "updatedAt": "2023-08-30T08:09:12.884000",
              "filePath": "/data/user/0/com.performarine.app/app_flutter/64eef91bf1428f0106171f67.zip",
              "syncCreatedAt": "2023-08-30T10:04:29.269000",
              "syncUpdatedAt": "2023-08-30T10:04:32.091000",
              "duration": "00:00:12",
              "distance": 0,
              "speed": 0.3,
              "avgSpeed": 0.1,
              "missingLineNumbers": {
                "mobile_0.csv": []
              },
              "sensorType": [
                "mobile"
              ],
              "vesselAnalyticsCalc": false,
              "number_of_passengers": 10,
              "cloudFilePath": "https://goeblobstorage.blob.core.windows.net/trip/30_08_2023_10_04_29_333023_64eef91bf1428f0106171f67.zip"
            },
            {
              "_id": "64ef099176df67cc8df80028",
              "load": "Empty",
              "startPosition": [
                "null",
                "null"
              ],
              "endPosition": [
                "null",
                "null"
              ],
              "sensorInfo": [
                {
                  "make": "qualicom",
                  "name": "gps"
                }
              ],
              "deviceInfo": {
                "deviceId": "TP1A.220624.014",
                "model": "SM-M326B",
                "version": "13",
                "make": "samsung",
                "board": "a32x",
                "deviceType": "Android"
              },
              "vesselId": "64dc6caac486eea7c0473f06",
              "tripStatus": 1,
              "dataExtStatus": 3,
              "createdBy": "64dc6c2eb4d2e81e31f94dc7",
              "createdAt": "2023-08-30T09:19:13.569000",
              "updatedBy": "64dc6c2eb4d2e81e31f94dc7",
              "updatedAt": "2023-08-30T09:21:57.936000",
              "filePath": "/data/user/0/com.performarine.app/app_flutter/64ef099176df67cc8df80028.zip",
              "syncCreatedAt": "2023-08-30T10:04:33.336000",
              "syncUpdatedAt": "2023-08-30T10:04:33.415000",
              "duration": "00:02:43",
              "distance": 1,
              "speed": 0.1,
              "avgSpeed": 0.1,
              "missingLineNumbers": {},
              "sensorType": [],
              "vesselAnalyticsCalc": false,
              "number_of_passengers": 10,
              "cloudFilePath": "https://goeblobstorage.blob.core.windows.net/trip/30_08_2023_10_04_33_362202_64ef099176df67cc8df80028.zip"
            },
            {
              "_id": "64ef0d8e4cf327d0422798a8",
              "load": "Empty",
              "startPosition": [
                "null",
                "null"
              ],
              "endPosition": [
                "null",
                "null"
              ],
              "sensorInfo": [
                {
                  "make": "qualicom",
                  "name": "gps"
                }
              ],
              "deviceInfo": {
                "deviceId": "TP1A.220624.014",
                "model": "SM-M326B",
                "version": "13",
                "make": "samsung",
                "board": "a32x",
                "deviceType": "Android"
              },
              "vesselId": "64dc6caac486eea7c0473f06",
              "tripStatus": 1,
              "dataExtStatus": 3,
              "createdBy": "64dc6c2eb4d2e81e31f94dc7",
              "createdAt": "2023-08-30T09:36:14.866000",
              "updatedBy": "64dc6c2eb4d2e81e31f94dc7",
              "updatedAt": "2023-08-30T09:37:21.793000",
              "filePath": "/data/user/0/com.performarine.app/app_flutter/64ef0d8e4cf327d0422798a8.zip",
              "syncCreatedAt": "2023-08-30T10:04:34.596000",
              "syncUpdatedAt": "2023-08-30T10:04:34.691000",
              "duration": "00:01:03",
              "distance": 1,
              "speed": 0.1,
              "avgSpeed": 0.1,
              "missingLineNumbers": {},
              "sensorType": [],
              "vesselAnalyticsCalc": false,
              "number_of_passengers": 58,
              "cloudFilePath": "https://goeblobstorage.blob.core.windows.net/trip/30_08_2023_10_04_34_626608_64ef0d8e4cf327d0422798a8.zip"
            },
            {
              "_id": "64ef0dea4cf327d0422798aa",
              "load": "Empty",
              "startPosition": [
                "null",
                "null"
              ],
              "endPosition": [
                "null",
                "null"
              ],
              "sensorInfo": [
                {
                  "make": "qualicom",
                  "name": "gps"
                }
              ],
              "deviceInfo": {
                "deviceId": "TP1A.220624.014",
                "model": "SM-M326B",
                "version": "13",
                "make": "samsung",
                "board": "a32x",
                "deviceType": "Android"
              },
              "vesselId": "64dc6caac486eea7c0473f06",
              "tripStatus": 1,
              "dataExtStatus": 3,
              "createdBy": "64dc6c2eb4d2e81e31f94dc7",
              "createdAt": "2023-08-30T09:37:46.360000",
              "updatedBy": "64dc6c2eb4d2e81e31f94dc7",
              "updatedAt": "2023-08-30T09:40:28.946000",
              "filePath": "/data/user/0/com.performarine.app/app_flutter/64ef0dea4cf327d0422798aa.zip",
              "syncCreatedAt": "2023-08-30T10:04:35.959000",
              "syncUpdatedAt": "2023-08-30T10:04:36.106000",
              "duration": "00:02:41",
              "distance": 1,
              "speed": 0.1,
              "avgSpeed": 0.1,
              "missingLineNumbers": {},
              "sensorType": [],
              "vesselAnalyticsCalc": false,
              "number_of_passengers": 4,
              "cloudFilePath": "https://goeblobstorage.blob.core.windows.net/trip/30_08_2023_10_04_35_984682_64ef0dea4cf327d0422798aa.zip"
            },
            {
              "_id": "64ef0f1c4cf327d0422798ab",
              "load": "Empty",
              "startPosition": [
                "null",
                "null"
              ],
              "endPosition": [
                "null",
                "null"
              ],
              "sensorInfo": [
                {
                  "make": "qualicom",
                  "name": "gps"
                }
              ],
              "deviceInfo": {
                "deviceId": "TP1A.220624.014",
                "model": "SM-M326B",
                "version": "13",
                "make": "samsung",
                "board": "a32x",
                "deviceType": "Android"
              },
              "vesselId": "64dc6caac486eea7c0473f06",
              "tripStatus": 1,
              "dataExtStatus": 3,
              "createdBy": "64dc6c2eb4d2e81e31f94dc7",
              "createdAt": "2023-08-30T09:42:52.290000",
              "updatedBy": "64dc6c2eb4d2e81e31f94dc7",
              "updatedAt": "2023-08-30T09:47:44.554000",
              "filePath": "/data/user/0/com.performarine.app/app_flutter/64ef0f1c4cf327d0422798ab.zip",
              "syncCreatedAt": "2023-08-30T10:04:37.234000",
              "syncUpdatedAt": "2023-08-30T10:04:37.347000",
              "duration": "00:04:51",
              "distance": 1,
              "speed": 0.1,
              "avgSpeed": 0.1,
              "missingLineNumbers": {},
              "sensorType": [],
              "vesselAnalyticsCalc": false,
              "number_of_passengers": 5,
              "cloudFilePath": "https://goeblobstorage.blob.core.windows.net/trip/30_08_2023_10_04_37_261576_64ef0f1c4cf327d0422798ab.zip"
            },
            {
              "_id": "64ef104d4cf327d0422798ac",
              "load": "Empty",
              "startPosition": [
                "null",
                "null"
              ],
              "endPosition": [
                "null",
                "null"
              ],
              "sensorInfo": [
                {
                  "make": "qualicom",
                  "name": "gps"
                }
              ],
              "deviceInfo": {
                "deviceId": "TP1A.220624.014",
                "model": "SM-M326B",
                "version": "13",
                "make": "samsung",
                "board": "a32x",
                "deviceType": "Android"
              },
              "vesselId": "64dc6caac486eea7c0473f06",
              "tripStatus": 1,
              "dataExtStatus": 3,
              "createdBy": "64dc6c2eb4d2e81e31f94dc7",
              "createdAt": "2023-08-30T09:47:57.081000",
              "updatedBy": "64dc6c2eb4d2e81e31f94dc7",
              "updatedAt": "2023-08-30T09:48:14.999000",
              "filePath": "/data/user/0/com.performarine.app/app_flutter/64ef104d4cf327d0422798ac.zip",
              "syncCreatedAt": "2023-08-30T10:04:38.548000",
              "syncUpdatedAt": "2023-08-30T10:04:38.631000",
              "duration": "00:00:16",
              "distance": 1,
              "speed": 0.1,
              "avgSpeed": 0.1,
              "missingLineNumbers": {},
              "sensorType": [],
              "vesselAnalyticsCalc": false,
              "number_of_passengers": 6,
              "cloudFilePath": "https://goeblobstorage.blob.core.windows.net/trip/30_08_2023_10_04_38_572928_64ef104d4cf327d0422798ac.zip"
            }
          ]
        },
        {
          "groupcreatedAt": "2023-09-26",
          "date": "9-26-2023",
          "tripsByDate": [
            {
              "_id": "6512de79ca9c0f64dd841a30",
              "load": "Empty",
              "startPosition": [
                "17.4224447",
                "78.3848489"
              ],
              "endPosition": [
                "17.4224445",
                "78.3848499"
              ],
              "sensorInfo": [
                {
                  "GYRO": [
                    {
                      "name": "X",
                      "IndexPosition": 0,
                      "units": "rad/s"
                    },
                    {
                      "name": "Y",
                      "IndexPosition": 1,
                      "units": "rad/s"
                    },
                    {
                      "name": "Z",
                      "IndexPosition": 2,
                      "units": "rad/s"
                    }
                  ],
                  "ACC": [
                    {
                      "name": "X",
                      "IndexPosition": 0,
                      "units": "m/s^2"
                    },
                    {
                      "name": "Y",
                      "IndexPosition": 1,
                      "units": "m/s^2"
                    },
                    {
                      "name": "Z",
                      "IndexPosition": 2,
                      "units": "m/s^2"
                    }
                  ],
                  "MAG": [
                    {
                      "name": "X",
                      "IndexPosition": 0,
                      "units": "μT"
                    },
                    {
                      "name": "Y",
                      "IndexPosition": 1,
                      "units": "μT"
                    },
                    {
                      "name": "Z",
                      "IndexPosition": 2,
                      "units": "μT"
                    }
                  ],
                  "UACC": [
                    {
                      "name": "X",
                      "IndxPosition": 0,
                      "units": "m/s^2"
                    },
                    {
                      "name": "Y",
                      "IndxPosition": 1,
                      "units": "m/s^2"
                    },
                    {
                      "name": "Z",
                      "IndxPosition": 2,
                      "units": "m/s^2"
                    }
                  ]
                }
              ],
              "deviceInfo": {
                "deviceId": "TP1A.220624.014",
                "model": "SM-G990E",
                "version": "13",
                "make": "samsung",
                "board": "exynos2100",
                "deviceType": "Android"
              },
              "vesselId": "64dc6caac486eea7c0473f06",
              "tripStatus": 1,
              "dataExtStatus": 3,
              "createdBy": "64dc6c2eb4d2e81e31f94dc7",
              "createdAt": "2023-09-26T13:36:58.841000",
              "updatedBy": "64dc6c2eb4d2e81e31f94dc7",
              "updatedAt": "2023-09-26T13:37:14.848000",
              "filePath": "/data/user/0/com.performarine.app/app_flutter/6512de79ca9c0f64dd841a30.zip",
              "syncCreatedAt": "2023-09-26T13:37:50.182000",
              "syncUpdatedAt": "2023-09-26T13:37:50.451000",
              "duration": "00:00:14",
              "distance": 0,
              "speed": 0.7,
              "avgSpeed": 0.4,
              "missingLineNumbers": {
                "mobile_0.csv": []
              },
              "sensorType": [
                "mobile"
              ],
              "vesselAnalyticsCalc": false,
              "number_of_passengers": 699,
              "cloudFilePath": "https://goeblobstorage.blob.core.windows.net/trip/26_09_2023_13_37_50_225563_6512de79ca9c0f64dd841a30.zip"
            }
          ]
        }
      ],
      "avgInfo": {
        "count": 27,
        "avgDuration": "00:01:49.33333333333333",
        "totalDuration": "00:49:12",
        "avgSpeed": 2.814814814814815,
        "avgFuelConsumption": null,
        "avgPower": null,
        "totalSpeed": 76,
        "totalfuelConsumption": 0,
        "totalPower": 0
      }
    },
    "message": "Data fetched successfully",
    "status": true,
    "statusCode": 200
  }